"Step","rnn_grid_2 - Max deterministic score from rollout of 1000 steps","rnn_grid_2 - Max deterministic score from rollout of 1000 steps__MIN","rnn_grid_2 - Max deterministic score from rollout of 1000 steps__MAX","rnn_grid_discrete_half_annealing - Max deterministic score from rollout of 1000 steps","rnn_grid_discrete_half_annealing - Max deterministic score from rollout of 1000 steps__MIN","rnn_grid_discrete_half_annealing - Max deterministic score from rollout of 1000 steps__MAX"
"4","1","1","1","1","1","1"
"9","1","1","1","1","1","1"
"14","1","1","1","1","1","1"
"19","2","2","2","2","2","2"
"24","2","2","2","1","1","1"
"29","2","2","2","1","1","1"
"34","2","2","2","1","1","1"
"39","3","3","3","1","1","1"
"44","2","2","2","1","1","1"
"49","1","1","1","1","1","1"
"54","3","3","3","2","2","2"
"59","2","2","2","1","1","1"
"64","3","3","3","3","3","3"
"69","3","3","3","2","2","2"
"74","3","3","3","4","4","4"
"79","1","1","1","2","2","2"
"84","3","3","3","3","3","3"
"89","2","2","2","1","1","1"
"94","3","3","3","2","2","2"
"99","4","4","4","5","5","5"
"104","1","1","1","1","1","1"
"109","1","1","1","2","2","2"
"114","3","3","3","6","6","6"
"119","4","4","4","3","3","3"
"124","3","3","3","3","3","3"
"129","2","2","2","2","2","2"
"134","3","3","3","3","3","3"
"139","1","1","1","6","6","6"
"144","2","2","2","2","2","2"
"149","4","4","4","7","7","7"
"154","4","4","4","3","3","3"
"159","3","3","3","1","1","1"
"164","4","4","4","1","1","1"
"169","2","2","2","1","1","1"
"174","5","5","5","3","3","3"
"179","3","3","3","8","8","8"
"184","5","5","5","6","6","6"
"189","5","5","5","5","5","5"
"194","4","4","4","8","8","8"
"199","6","6","6","5","5","5"
"204","4","4","4","8","8","8"
"209","5","5","5","6","6","6"
"214","5","5","5","1","1","1"
"219","5","5","5","8","8","8"
"224","3","3","3","9","9","9"
"229","6","6","6","12","12","12"
"234","3","3","3","4","4","4"
"239","7","7","7","6","6","6"
"244","4","4","4","9","9","9"
"249","5","5","5","7","7","7"
"254","4","4","4","17","17","17"
"259","6","6","6","5","5","5"
"264","5","5","5","16","16","16"
"269","7","7","7","8","8","8"
"274","3","3","3","10","10","10"
"279","5","5","5","15","15","15"
"284","2","2","2","13","13","13"
"289","2","2","2","13","13","13"
"294","5","5","5","9","9","9"
"299","5","5","5","15","15","15"
"304","5","5","5","8","8","8"
"309","5","5","5","12","12","12"
"314","7","7","7","9","9","9"
"319","4","4","4","7","7","7"
"324","4","4","4","10","10","10"
"329","4","4","4","13","13","13"
"334","4","4","4","10","10","10"
"339","3","3","3","10","10","10"
"344","5","5","5","13","13","13"
"349","5","5","5","8","8","8"
"354","4","4","4","20","20","20"
"359","8","8","8","9","9","9"
"364","2","2","2","9","9","9"
"369","5","5","5","8","8","8"
"374","8","8","8","12","12","12"
"379","3","3","3","6","6","6"
"384","4","4","4","5","5","5"
"389","5","5","5","10","10","10"
"394","5","5","5","11","11","11"
"399","5","5","5","9","9","9"
"404","9","9","9","13","13","13"
"409","3","3","3","8","8","8"
"414","4","4","4","21","21","21"
"419","3","3","3","7","7","7"
"424","5","5","5","8","8","8"
"429","3","3","3","10","10","10"
"434","5","5","5","13","13","13"
"439","7","7","7","11","11","11"
"444","3","3","3","13","13","13"
"449","4","4","4","10","10","10"
"454","4","4","4","7","7","7"
"459","6","6","6","10","10","10"
"464","8","8","8","11","11","11"
"469","4","4","4","11","11","11"
"474","6","6","6","12","12","12"
"479","2","2","2","11","11","11"
"484","8","8","8","5","5","5"
"489","3","3","3","12","12","12"
"494","6","6","6","6","6","6"
"499","6","6","6","7","7","7"
"504","3","3","3","10","10","10"
"509","8","8","8","7","7","7"
"514","6","6","6","12","12","12"
"519","5","5","5","9","9","9"
"524","7","7","7","10","10","10"
"529","3","3","3","4","4","4"
"534","3","3","3","16","16","16"
"539","4","4","4","9","9","9"
"544","5","5","5","6","6","6"
"549","4","4","4","8","8","8"
"554","8","8","8","7","7","7"
"559","3","3","3","10","10","10"
"564","6","6","6","12","12","12"
"569","8","8","8","10","10","10"
"574","6","6","6","8","8","8"
"579","5","5","5","7","7","7"
"584","4","4","4","11","11","11"
"589","7","7","7","5","5","5"
"594","6","6","6","7","7","7"
"599","8","8","8","10","10","10"
"604","6","6","6","10","10","10"
"609","7","7","7","11","11","11"
"614","1","1","1","10","10","10"
"619","6","6","6","8","8","8"
"624","7","7","7","8","8","8"
"629","5","5","5","9","9","9"
"634","5","5","5","10","10","10"
"639","6","6","6","11","11","11"
"644","6","6","6","11","11","11"
"649","7","7","7","12","12","12"
"654","3","3","3","9","9","9"
"659","8","8","8","9","9","9"
"664","4","4","4","14","14","14"
"669","9","9","9","10","10","10"
"674","8","8","8","8","8","8"
"679","4","4","4","7","7","7"
"684","5","5","5","8","8","8"
"689","8","8","8","10","10","10"
"694","5","5","5","13","13","13"
"699","5","5","5","11","11","11"
"704","3","3","3","8","8","8"
"709","6","6","6","15","15","15"
"714","4","4","4","10","10","10"
"719","3","3","3","11","11","11"
"724","6","6","6","10","10","10"
"729","7","7","7","12","12","12"
"734","3","3","3","13","13","13"
"739","6","6","6","10","10","10"
"744","4","4","4","11","11","11"
"749","4","4","4","10","10","10"
"754","2","2","2","13","13","13"
"759","5","5","5","8","8","8"
"764","2","2","2","10","10","10"
"769","8","8","8","8","8","8"
"774","3","3","3","10","10","10"
"779","7","7","7","10","10","10"
"784","3","3","3","10","10","10"
"789","4","4","4","12","12","12"
"794","5","5","5","13","13","13"
"799","5","5","5","9","9","9"
"804","4","4","4","11","11","11"
"809","6","6","6","10","10","10"
"814","2","2","2","6","6","6"
"819","2","2","2","9","9","9"
"824","6","6","6","12","12","12"
"829","6","6","6","7","7","7"
"834","8","8","8","8","8","8"
"839","6","6","6","10","10","10"
"844","8","8","8","8","8","8"
"849","7","7","7","13","13","13"
"854","9","9","9","13","13","13"
"859","3","3","3","11","11","11"
"864","9","9","9","10","10","10"
"869","1","1","1","4","4","4"
"874","2","2","2","5","5","5"
"879","10","10","10","11","11","11"
"884","6","6","6","10","10","10"
"889","6","6","6","11","11","11"
"894","7","7","7","10","10","10"
"899","4","4","4","15","15","15"
"904","2","2","2","14","14","14"
"909","6","6","6","13","13","13"
"914","6","6","6","7","7","7"
"919","3","3","3","11","11","11"
"924","12","12","12","13","13","13"
"929","7","7","7","5","5","5"
"934","3","3","3","9","9","9"
"939","5","5","5","14","14","14"
"944","9","9","9","10","10","10"
"949","2","2","2","12","12","12"
"954","6","6","6","8","8","8"
"959","3","3","3","9","9","9"
"964","6","6","6","8","8","8"
"969","11","11","11","12","12","12"
"974","2","2","2","7","7","7"
"979","3","3","3","6","6","6"
"984","2","2","2","9","9","9"
"989","7","7","7","10","10","10"
"994","8","8","8","11","11","11"
"999","3","3","3","11","11","11"
"1004","6","6","6","16","16","16"
"1009","3","3","3","5","5","5"
"1014","9","9","9","13","13","13"
"1019","1","1","1","11","11","11"
"1024","4","4","4","13","13","13"
"1029","3","3","3","10","10","10"
"1034","9","9","9","9","9","9"
"1039","2","2","2","11","11","11"
"1044","7","7","7","11","11","11"
"1049","9","9","9","10","10","10"
"1054","4","4","4","10","10","10"
"1059","3","3","3","7","7","7"
"1064","6","6","6","10","10","10"
"1069","9","9","9","10","10","10"
"1074","10","10","10","8","8","8"
"1079","7","7","7","11","11","11"
"1084","2","2","2","10","10","10"
"1089","7","7","7","10","10","10"
"1094","5","5","5","6","6","6"
"1099","2","2","2","7","7","7"
"1104","4","4","4","9","9","9"
"1109","4","4","4","6","6","6"
"1114","3","3","3","11","11","11"
"1119","9","9","9","11","11","11"
"1124","8","8","8","16","16","16"
"1129","7","7","7","11","11","11"
"1134","7","7","7","12","12","12"
"1139","2","2","2","5","5","5"
"1144","2","2","2","10","10","10"
"1149","5","5","5","9","9","9"
"1154","4","4","4","8","8","8"
"1159","2","2","2","8","8","8"
"1164","2","2","2","8","8","8"
"1169","4","4","4","5","5","5"
"1174","4","4","4","10","10","10"
"1179","5","5","5","13","13","13"
"1184","6","6","6","7","7","7"
"1189","2","2","2","7","7","7"
"1194","3","3","3","9","9","9"
"1199","6","6","6","10","10","10"
"1204","8","8","8","15","15","15"
"1209","3","3","3","12","12","12"
"1214","2","2","2","11","11","11"
"1219","9","9","9","10","10","10"
"1224","6","6","6","11","11","11"
"1229","9","9","9","9","9","9"
"1234","3","3","3","9","9","9"
"1239","9","9","9","9","9","9"
"1244","2","2","2","12","12","12"
"1249","7","7","7","8","8","8"
"1254","5","5","5","11","11","11"
"1259","8","8","8","3","3","3"
"1264","1","1","1","11","11","11"
"1269","5","5","5","10","10","10"
"1274","5","5","5","12","12","12"
"1279","1","1","1","13","13","13"
"1284","8","8","8","7","7","7"
"1289","11","11","11","10","10","10"
"1294","4","4","4","14","14","14"
"1299","1","1","1","11","11","11"
"1304","3","3","3","4","4","4"
"1309","8","8","8","7","7","7"
"1314","3","3","3","16","16","16"
"1319","5","5","5","9","9","9"
"1324","9","9","9","10","10","10"
"1329","2","2","2","6","6","6"
"1334","1","1","1","9","9","9"
"1339","6","6","6","8","8","8"
"1344","4","4","4","11","11","11"
"1349","9","9","9","11","11","11"
"1354","2","2","2","6","6","6"
"1359","3","3","3","10","10","10"
"1364","10","10","10","13","13","13"
"1369","2","2","2","6","6","6"
"1374","2","2","2","12","12","12"
"1379","3","3","3","2","2","2"
"1384","3","3","3","12","12","12"
"1389","1","1","1","7","7","7"
"1394","3","3","3","10","10","10"
"1399","9","9","9","8","8","8"
"1404","4","4","4","9","9","9"
"1409","4","4","4","10","10","10"
"1414","6","6","6","6","6","6"
"1419","10","10","10","8","8","8"
"1424","3","3","3","7","7","7"
"1429","9","9","9","12","12","12"
"1434","1","1","1","9","9","9"
"1439","5","5","5","10","10","10"
"1444","2","2","2","10","10","10"
"1449","6","6","6","7","7","7"
"1454","2","2","2","14","14","14"
"1459","3","3","3","7","7","7"
"1464","5","5","5","12","12","12"
"1469","4","4","4","7","7","7"
"1474","2","2","2","12","12","12"
"1479","1","1","1","10","10","10"
"1484","2","2","2","6","6","6"
"1489","7","7","7","13","13","13"
"1494","9","9","9","7","7","7"
"1499","3","3","3","9","9","9"
"1504","5","5","5","7","7","7"
"1509","7","7","7","10","10","10"
"1514","7","7","7","9","9","9"
"1519","3","3","3","11","11","11"
"1524","2","2","2","9","9","9"
"1529","3","3","3","11","11","11"
"1534","4","4","4","13","13","13"
"1539","7","7","7","9","9","9"
"1544","1","1","1","8","8","8"
"1549","6","6","6","12","12","12"
"1554","7","7","7","9","9","9"
"1559","1","1","1","9","9","9"
"1564","4","4","4","11","11","11"
"1569","4","4","4","8","8","8"
"1574","7","7","7","8","8","8"
"1579","1","1","1","11","11","11"
"1584","2","2","2","8","8","8"
"1589","1","1","1","13","13","13"
"1594","6","6","6","8","8","8"
"1599","2","2","2","12","12","12"
"1604","1","1","1","10","10","10"
"1609","3","3","3","9","9","9"
"1614","1","1","1","12","12","12"
"1619","2","2","2","8","8","8"
"1624","1","1","1","14","14","14"
"1629","11","11","11","7","7","7"
"1634","5","5","5","9","9","9"
"1639","1","1","1","9","9","9"
"1644","8","8","8","10","10","10"
"1649","1","1","1","14","14","14"
"1654","3","3","3","9","9","9"
"1659","2","2","2","8","8","8"
"1664","3","3","3","8","8","8"
"1669","3","3","3","8","8","8"
"1674","2","2","2","13","13","13"
"1679","11","11","11","10","10","10"
"1684","3","3","3","10","10","10"
"1689","2","2","2","11","11","11"
"1694","3","3","3","11","11","11"
"1699","3","3","3","10","10","10"
"1704","3","3","3","11","11","11"
"1709","6","6","6","7","7","7"
"1714","9","9","9","10","10","10"
"1719","1","1","1","12","12","12"
"1724","1","1","1","13","13","13"
"1729","6","6","6","9","9","9"
"1734","4","4","4","7","7","7"
"1739","3","3","3","11","11","11"
"1744","4","4","4","1","1","1"
"1749","10","10","10","15","15","15"
"1754","3","3","3","9","9","9"
"1759","5","5","5","15","15","15"
"1764","6","6","6","11","11","11"
"1769","1","1","1","10","10","10"
"1774","4","4","4","10","10","10"
"1779","4","4","4","12","12","12"
"1784","6","6","6","8","8","8"
"1789","4","4","4","11","11","11"
"1794","10","10","10","9","9","9"
"1799","7","7","7","12","12","12"
"1804","6","6","6","8","8","8"
"1809","5","5","5","7","7","7"
"1814","3","3","3","14","14","14"
"1819","4","4","4","10","10","10"
"1824","5","5","5","10","10","10"
"1829","6","6","6","8","8","8"
"1834","3","3","3","7","7","7"
"1839","6","6","6","5","5","5"
"1844","3","3","3","4","4","4"
"1849","4","4","4","10","10","10"
"1854","3","3","3","13","13","13"
"1859","6","6","6","7","7","7"
"1864","8","8","8","14","14","14"
"1869","4","4","4","4","4","4"
"1874","5","5","5","5","5","5"
"1879","1","1","1","14","14","14"
"1884","4","4","4","7","7","7"
"1889","11","11","11","10","10","10"
"1894","5","5","5","10","10","10"
"1899","8","8","8","13","13","13"
"1904","1","1","1","10","10","10"
"1909","5","5","5","8","8","8"
"1914","2","2","2","16","16","16"
"1919","4","4","4","10","10","10"
"1924","6","6","6","6","6","6"
"1929","12","12","12","14","14","14"
"1934","5","5","5","5","5","5"
"1939","1","1","1","11","11","11"
"1944","1","1","1","8","8","8"
"1949","1","1","1","6","6","6"
"1954","4","4","4","9","9","9"
"1959","6","6","6","7","7","7"
"1964","2","2","2","8","8","8"
"1969","3","3","3","12","12","12"
"1974","4","4","4","3","3","3"
"1979","4","4","4","15","15","15"
"1984","2","2","2","12","12","12"
"1989","1","1","1","2","2","2"
"1994","4","4","4","13","13","13"
"1999","3","3","3","9","9","9"
"2004","7","7","7","15","15","15"
"2009","4","4","4","9","9","9"
"2014","2","2","2","9","9","9"
"2019","1","1","1","8","8","8"
"2024","4","4","4","10","10","10"
"2029","3","3","3","11","11","11"
"2034","6","6","6","3","3","3"
"2039","1","1","1","10","10","10"
"2044","6","6","6","11","11","11"
"2049","6","6","6","3","3","3"
"2054","4","4","4","12","12","12"
"2059","2","2","2","8","8","8"
"2064","1","1","1","13","13","13"
"2069","1","1","1","7","7","7"
"2074","2","2","2","3","3","3"
"2079","8","8","8","4","4","4"
"2084","3","3","3","8","8","8"
"2089","4","4","4","3","3","3"
"2094","8","8","8","8","8","8"
"2099","7","7","7","15","15","15"
"2104","3","3","3","10","10","10"
"2109","2","2","2","6","6","6"
"2114","6","6","6","13","13","13"
"2119","1","1","1","8","8","8"
"2124","4","4","4","4","4","4"
"2129","2","2","2","2","2","2"
"2134","8","8","8","9","9","9"
"2139","4","4","4","9","9","9"
"2144","9","9","9","9","9","9"
"2149","6","6","6","12","12","12"
"2154","5","5","5","12","12","12"
"2159","1","1","1","2","2","2"
"2164","6","6","6","15","15","15"
"2169","1","1","1","11","11","11"
"2174","1","1","1","13","13","13"
"2179","10","10","10","14","14","14"
"2184","7","7","7","6","6","6"
"2189","1","1","1","13","13","13"
"2194","2","2","2","10","10","10"
"2199","14","14","14","12","12","12"
"2204","2","2","2","13","13","13"
"2209","2","2","2","11","11","11"
"2214","3","3","3","13","13","13"
"2219","2","2","2","7","7","7"
"2224","5","5","5","10","10","10"
"2229","2","2","2","10","10","10"
"2234","2","2","2","9","9","9"
"2239","1","1","1","12","12","12"
"2244","1","1","1","14","14","14"
"2249","1","1","1","14","14","14"
"2254","2","2","2","7","7","7"
"2259","2","2","2","12","12","12"
"2264","1","1","1","10","10","10"
"2269","8","8","8","15","15","15"
"2274","8","8","8","15","15","15"
"2279","4","4","4","12","12","12"
"2284","7","7","7","14","14","14"
"2289","1","1","1","14","14","14"
"2294","6","6","6","16","16","16"
"2299","2","2","2","10","10","10"
"2304","8","8","8","10","10","10"
"2309","5","5","5","9","9","9"
"2314","9","9","9","13","13","13"
"2319","1","1","1","7","7","7"
"2324","3","3","3","9","9","9"
"2329","8","8","8","14","14","14"
"2334","4","4","4","10","10","10"
"2339","3","3","3","13","13","13"
"2344","1","1","1","1","1","1"
"2349","6","6","6","14","14","14"
"2354","6","6","6","8","8","8"
"2359","6","6","6","12","12","12"
"2364","9","9","9","11","11","11"
"2369","8","8","8","15","15","15"
"2374","1","1","1","2","2","2"
"2379","3","3","3","12","12","12"
"2384","1","1","1","2","2","2"
"2389","3","3","3","5","5","5"
"2394","1","1","1","9","9","9"
"2399","8","8","8","14","14","14"
"2404","1","1","1","11","11","11"
"2409","7","7","7","13","13","13"
"2414","1","1","1","12","12","12"
"2419","3","3","3","6","6","6"
"2424","2","2","2","12","12","12"
"2429","1","1","1","9","9","9"
"2434","8","8","8","12","12","12"
"2439","4","4","4","2","2","2"
"2444","6","6","6","9","9","9"
"2449","8","8","8","14","14","14"
"2454","4","4","4","9","9","9"
"2459","5","5","5","10","10","10"
"2464","1","1","1","14","14","14"
"2469","2","2","2","12","12","12"
"2474","6","6","6","12","12","12"
"2479","8","8","8","13","13","13"
"2484","2","2","2","12","12","12"
"2489","1","1","1","13","13","13"
"2494","7","7","7","13","13","13"
"2499","6","6","6","3","3","3"
"2504","2","2","2","12","12","12"
"2509","3","3","3","3","3","3"
"2514","2","2","2","12","12","12"
"2519","1","1","1","8","8","8"
"2524","6","6","6","7","7","7"
"2529","1","1","1","3","3","3"
"2534","1","1","1","12","12","12"
"2539","2","2","2","6","6","6"
"2544","10","10","10","13","13","13"
"2549","4","4","4","15","15","15"
"2554","3","3","3","3","3","3"
"2559","7","7","7","14","14","14"
"2564","1","1","1","7","7","7"
"2569","8","8","8","8","8","8"
"2574","6","6","6","16","16","16"
"2579","1","1","1","10","10","10"
"2584","3","3","3","5","5","5"
"2589","8","8","8","12","12","12"
"2594","2","2","2","12","12","12"
"2599","11","11","11","6","6","6"
"2604","6","6","6","14","14","14"
"2609","1","1","1","3","3","3"
"2614","1","1","1","2","2","2"
"2619","4","4","4","1","1","1"
"2624","8","8","8","15","15","15"
"2629","2","2","2","13","13","13"
"2634","1","1","1","2","2","2"
"2639","3","3","3","15","15","15"
"2644","2","2","2","13","13","13"
"2649","1","1","1","13","13","13"
"2654","5","5","5","12","12","12"
"2659","2","2","2","7","7","7"
"2664","3","3","3","9","9","9"
"2669","5","5","5","2","2","2"
"2674","1","1","1","4","4","4"
"2679","3","3","3","10","10","10"
"2684","2","2","2","8","8","8"
"2689","4","4","4","7","7","7"
"2694","1","1","1","3","3","3"
"2699","1","1","1","13","13","13"
"2704","5","5","5","9","9","9"
"2709","4","4","4","2","2","2"
"2714","1","1","1","15","15","15"
"2719","9","9","9","13","13","13"
"2724","3","3","3","1","1","1"
"2729","2","2","2","11","11","11"
"2734","4","4","4","6","6","6"
"2739","2","2","2","14","14","14"
"2744","3","3","3","1","1","1"
"2749","7","7","7","9","9","9"
"2754","5","5","5","7","7","7"
"2759","1","1","1","10","10","10"
"2764","1","1","1","8","8","8"
"2769","2","2","2","16","16","16"
"2774","4","4","4","11","11","11"
"2779","1","1","1","3","3","3"
"2784","1","1","1","17","17","17"
"2789","3","3","3","15","15","15"
"2794","5","5","5","12","12","12"
"2799","1","1","1","6","6","6"
"2804","7","7","7","2","2","2"
"2809","1","1","1","2","2","2"
"2814","2","2","2","9","9","9"
"2819","2","2","2","16","16","16"
"2824","1","1","1","9","9","9"
"2829","1","1","1","12","12","12"
"2834","1","1","1","3","3","3"
"2839","1","1","1","19","19","19"
"2844","2","2","2","2","2","2"
"2849","2","2","2","4","4","4"
"2854","7","7","7","12","12","12"
"2859","5","5","5","14","14","14"
"2864","1","1","1","6","6","6"
"2869","1","1","1","3","3","3"
"2874","1","1","1","9","9","9"
"2879","2","2","2","10","10","10"
"2884","2","2","2","4","4","4"
"2889","8","8","8","16","16","16"
"2894","3","3","3","10","10","10"
"2899","4","4","4","1","1","1"
"2904","5","5","5","6","6","6"
"2909","6","6","6","12","12","12"
"2914","3","3","3","4","4","4"
"2919","1","1","1","2","2","2"
"2924","4","4","4","9","9","9"
"2929","4","4","4","1","1","1"
"2934","4","4","4","11","11","11"
"2939","9","9","9","11","11","11"
"2944","9","9","9","2","2","2"
"2949","1","1","1","1","1","1"
"2954","2","2","2","12","12","12"
"2959","3","3","3","12","12","12"
"2964","2","2","2","3","3","3"
"2969","3","3","3","11","11","11"
"2974","1","1","1","5","5","5"
"2979","1","1","1","5","5","5"
"2984","4","4","4","13","13","13"
"2989","10","10","10","6","6","6"
"2994","2","2","2","12","12","12"
"2999","5","5","5","4","4","4"
"3004","2","2","2","7","7","7"
"3009","2","2","2","1","1","1"
"3014","9","9","9","3","3","3"
"3019","4","4","4","2","2","2"
"3024","7","7","7","14","14","14"
"3029","2","2","2","15","15","15"
"3034","7","7","7","3","3","3"
"3039","1","1","1","4","4","4"
"3044","4","4","4","14","14","14"
"3049","1","1","1","6","6","6"
"3054","3","3","3","10","10","10"
"3059","5","5","5","16","16","16"
"3064","3","3","3","1","1","1"
"3069","4","4","4","11","11","11"
"3074","8","8","8","15","15","15"
"3079","3","3","3","11","11","11"
"3084","3","3","3","11","11","11"
"3089","2","2","2","22","22","22"
"3094","4","4","4","2","2","2"
"3099","10","10","10","4","4","4"
"3104","2","2","2","12","12","12"
"3109","2","2","2","14","14","14"
"3114","1","1","1","12","12","12"
"3119","9","9","9","15","15","15"
"3124","4","4","4","8","8","8"
"3129","4","4","4","5","5","5"
"3134","3","3","3","14","14","14"
"3139","3","3","3","2","2","2"
"3144","2","2","2","3","3","3"
"3149","3","3","3","14","14","14"
"3154","6","6","6","14","14","14"
"3159","8","8","8","10","10","10"
"3164","4","4","4","14","14","14"
"3169","12","12","12","12","12","12"
"3174","11","11","11","6","6","6"
"3179","1","1","1","7","7","7"
"3184","1","1","1","4","4","4"
"3189","2","2","2","16","16","16"
"3194","2","2","2","8","8","8"
"3199","12","12","12","6","6","6"
"3204","2","2","2","6","6","6"
"3209","1","1","1","1","1","1"
"3214","2","2","2","6","6","6"
"3219","1","1","1","14","14","14"
"3224","1","1","1","7","7","7"
"3229","1","1","1","13","13","13"
"3234","1","1","1","3","3","3"
"3239","3","3","3","15","15","15"
"3244","5","5","5","11","11","11"
"3249","2","2","2","14","14","14"
"3254","8","8","8","7","7","7"
"3259","2","2","2","10","10","10"
"3264","5","5","5","11","11","11"
"3269","5","5","5","12","12","12"
"3274","6","6","6","1","1","1"
"3279","7","7","7","15","15","15"
"3284","1","1","1","5","5","5"
"3289","6","6","6","14","14","14"
"3294","1","1","1","6","6","6"
"3299","5","5","5","12","12","12"
"3304","2","2","2","17","17","17"
"3309","1","1","1","17","17","17"
"3314","1","1","1","14","14","14"
"3319","5","5","5","3","3","3"
"3324","6","6","6","1","1","1"
"3329","4","4","4","8","8","8"
"3334","2","2","2","3","3","3"
"3339","6","6","6","12","12","12"
"3344","2","2","2","1","1","1"
"3349","5","5","5","9","9","9"
"3354","5","5","5","11","11","11"
"3359","4","4","4","11","11","11"
"3364","1","1","1","15","15","15"
"3369","6","6","6","9","9","9"
"3374","1","1","1","5","5","5"
"3379","2","2","2","3","3","3"
"3384","3","3","3","5","5","5"
"3389","3","3","3","8","8","8"
"3394","1","1","1","2","2","2"
"3399","1","1","1","5","5","5"
"3404","4","4","4","12","12","12"
"3409","1","1","1","14","14","14"
"3414","1","1","1","13","13","13"
"3419","1","1","1","14","14","14"
"3424","5","5","5","4","4","4"
"3429","1","1","1","17","17","17"
"3434","2","2","2","5","5","5"
"3439","3","3","3","2","2","2"
"3444","6","6","6","1","1","1"
"3449","4","4","4","2","2","2"
"3454","3","3","3","1","1","1"
"3459","2","2","2","6","6","6"
"3464","2","2","2","2","2","2"
"3469","2","2","2","5","5","5"
"3474","3","3","3","9","9","9"
"3479","1","1","1","4","4","4"
"3484","2","2","2","15","15","15"
"3489","4","4","4","14","14","14"
"3494","10","10","10","11","11","11"
"3499","3","3","3","10","10","10"
"3504","1","1","1","5","5","5"
"3509","1","1","1","9","9","9"
"3514","7","7","7","10","10","10"
"3519","12","12","12","13","13","13"
"3524","3","3","3","13","13","13"
"3529","5","5","5","16","16","16"
"3534","2","2","2","17","17","17"
"3539","1","1","1","4","4","4"
"3544","2","2","2","3","3","3"
"3549","2","2","2","3","3","3"
"3554","3","3","3","3","3","3"
"3559","1","1","1","1","1","1"
"3564","6","6","6","10","10","10"
"3569","1","1","1","1","1","1"
"3574","5","5","5","9","9","9"
"3579","2","2","2","16","16","16"
"3584","1","1","1","2","2","2"
"3589","2","2","2","9","9","9"
"3594","4","4","4","3","3","3"
"3599","11","11","11","2","2","2"
"3604","3","3","3","5","5","5"
"3609","4","4","4","1","1","1"
"3614","2","2","2","2","2","2"
"3619","3","3","3","13","13","13"
"3624","2","2","2","5","5","5"
"3629","2","2","2","7","7","7"
"3634","1","1","1","9","9","9"
"3639","1","1","1","11","11","11"
"3644","3","3","3","7","7","7"
"3649","7","7","7","12","12","12"
"3654","1","1","1","9","9","9"
"3659","2","2","2","2","2","2"
"3664","12","12","12","1","1","1"
"3669","2","2","2","6","6","6"
"3674","5","5","5","15","15","15"
"3679","2","2","2","15","15","15"
"3684","5","5","5","15","15","15"
"3689","2","2","2","14","14","14"
"3694","1","1","1","9","9","9"
"3699","1","1","1","9","9","9"
"3704","2","2","2","5","5","5"
"3709","1","1","1","4","4","4"
"3714","1","1","1","11","11","11"
"3719","3","3","3","1","1","1"
"3724","1","1","1","12","12","12"
"3729","3","3","3","12","12","12"
"3734","3","3","3","1","1","1"
"3739","6","6","6","2","2","2"
"3744","1","1","1","1","1","1"
"3749","8","8","8","12","12","12"
"3754","2","2","2","8","8","8"
"3759","5","5","5","1","1","1"
"3764","6","6","6","13","13","13"
"3769","4","4","4","11","11","11"
"3774","6","6","6","16","16","16"
"3779","9","9","9","2","2","2"
"3784","1","1","1","7","7","7"
"3789","2","2","2","18","18","18"
"3794","3","3","3","16","16","16"
"3799","1","1","1","1","1","1"
"3804","2","2","2","1","1","1"
"3809","11","11","11","11","11","11"
"3814","2","2","2","1","1","1"
"3819","3","3","3","1","1","1"
"3824","1","1","1","1","1","1"
"3829","3","3","3","17","17","17"
"3834","5","5","5","3","3","3"
"3839","2","2","2","11","11","11"
"3844","1","1","1","3","3","3"
"3849","5","5","5","11","11","11"
"3854","2","2","2","13","13","13"
"3859","2","2","2","5","5","5"
"3864","4","4","4","13","13","13"
"3869","1","1","1","17","17","17"
"3874","1","1","1","15","15","15"
"3879","7","7","7","4","4","4"
"3884","3","3","3","7","7","7"
"3889","4","4","4","9","9","9"
"3894","1","1","1","12","12","12"
"3899","5","5","5","12","12","12"
"3904","2","2","2","1","1","1"
"3909","2","2","2","7","7","7"
"3914","5","5","5","13","13","13"
"3919","2","2","2","5","5","5"
"3924","1","1","1","18","18","18"
"3929","7","7","7","6","6","6"
"3934","3","3","3","2","2","2"
"3939","1","1","1","5","5","5"
"3944","1","1","1","12","12","12"
"3949","1","1","1","5","5","5"
"3954","4","4","4","12","12","12"
"3959","4","4","4","5","5","5"
"3964","2","2","2","11","11","11"
"3969","1","1","1","1","1","1"
"3974","2","2","2","17","17","17"
"3979","2","2","2","2","2","2"
"3984","4","4","4","14","14","14"
"3989","11","11","11","7","7","7"
"3994","4","4","4","4","4","4"
"3999","2","2","2","1","1","1"
"4004","1","1","1","15","15","15"
"4009","1","1","1","1","1","1"
"4014","5","5","5","5","5","5"
"4019","2","2","2","1","1","1"
"4024","2","2","2","6","6","6"
"4029","1","1","1","6","6","6"
"4034","1","1","1","2","2","2"
"4039","5","5","5","17","17","17"
"4044","2","2","2","5","5","5"
"4049","12","12","12","10","10","10"
"4054","1","1","1","2","2","2"
"4059","1","1","1","3","3","3"
"4064","6","6","6","3","3","3"
"4069","1","1","1","6","6","6"
"4074","8","8","8","1","1","1"
"4079","5","5","5","14","14","14"
"4084","1","1","1","16","16","16"
"4089","1","1","1","1","1","1"
"4094","3","3","3","9","9","9"
"4099","2","2","2","10","10","10"
"4104","12","12","12","7","7","7"
"4109","1","1","1","15","15","15"
"4114","1","1","1","14","14","14"
"4119","3","3","3","11","11","11"
"4124","5","5","5","4","4","4"
"4129","9","9","9","2","2","2"
"4134","6","6","6","5","5","5"
"4139","5","5","5","3","3","3"
"4144","7","7","7","6","6","6"
"4149","2","2","2","6","6","6"
"4154","1","1","1","9","9","9"
"4159","2","2","2","15","15","15"
"4164","2","2","2","2","2","2"
"4169","1","1","1","14","14","14"
"4174","2","2","2","1","1","1"
"4179","4","4","4","4","4","4"
"4184","3","3","3","5","5","5"
"4189","8","8","8","7","7","7"
"4194","4","4","4","14","14","14"
"4199","1","1","1","16","16","16"
"4204","2","2","2","1","1","1"
"4209","2","2","2","11","11","11"
"4214","2","2","2","11","11","11"
"4219","2","2","2","12","12","12"
"4224","9","9","9","1","1","1"
"4229","10","10","10","13","13","13"
"4234","11","11","11","4","4","4"
"4239","4","4","4","13","13","13"
"4244","1","1","1","12","12","12"
"4249","2","2","2","15","15","15"
"4254","3","3","3","1","1","1"
"4259","3","3","3","3","3","3"
"4264","3","3","3","14","14","14"
"4269","1","1","1","1","1","1"
"4274","17","17","17","9","9","9"
"4279","2","2","2","6","6","6"
"4284","1","1","1","15","15","15"
"4289","7","7","7","14","14","14"
"4294","9","9","9","12","12","12"
"4299","2","2","2","14","14","14"
"4304","2","2","2","2","2","2"
"4309","2","2","2","3","3","3"
"4314","2","2","2","2","2","2"
"4319","3","3","3","14","14","14"
"4324","1","1","1","11","11","11"
"4329","6","6","6","2","2","2"
"4334","2","2","2","2","2","2"
"4339","2","2","2","6","6","6"
"4344","3","3","3","2","2","2"
"4349","3","3","3","2","2","2"
"4354","1","1","1","1","1","1"
"4359","2","2","2","1","1","1"
"4364","1","1","1","5","5","5"
"4369","9","9","9","11","11","11"
"4374","7","7","7","6","6","6"
"4379","9","9","9","3","3","3"
"4384","2","2","2","3","3","3"
"4389","3","3","3","3","3","3"
"4394","4","4","4","2","2","2"
"4399","5","5","5","12","12","12"
"4404","2","2","2","3","3","3"
"4409","2","2","2","6","6","6"
"4414","4","4","4","8","8","8"
"4419","8","8","8","5","5","5"
"4424","1","1","1","1","1","1"
"4429","4","4","4","13","13","13"
"4434","1","1","1","16","16","16"
"4439","1","1","1","6","6","6"
"4444","2","2","2","13","13","13"
"4449","1","1","1","9","9","9"
"4454","2","2","2","1","1","1"
"4459","1","1","1","1","1","1"
"4464","1","1","1","7","7","7"
"4469","2","2","2","6","6","6"
"4474","4","4","4","1","1","1"
"4479","1","1","1","8","8","8"
"4484","3","3","3","4","4","4"
"4489","1","1","1","1","1","1"
"4494","1","1","1","14","14","14"
"4499","1","1","1","12","12","12"
"4504","3","3","3","2","2","2"
"4509","8","8","8","11","11","11"
"4514","2","2","2","15","15","15"
"4519","3","3","3","3","3","3"
"4524","1","1","1","2","2","2"
"4529","5","5","5","3","3","3"
"4534","1","1","1","7","7","7"
"4539","7","7","7","2","2","2"
"4544","3","3","3","10","10","10"
"4549","7","7","7","2","2","2"
"4554","1","1","1","11","11","11"
"4559","1","1","1","1","1","1"
"4564","1","1","1","2","2","2"
"4569","14","14","14","14","14","14"
"4574","2","2","2","12","12","12"
"4579","2","2","2","13","13","13"
"4584","10","10","10","1","1","1"
"4589","2","2","2","12","12","12"
"4594","8","8","8","4","4","4"
"4599","3","3","3","1","1","1"
"4604","1","1","1","17","17","17"
"4609","2","2","2","10","10","10"
"4614","2","2","2","3","3","3"
"4619","2","2","2","12","12","12"
"4624","12","12","12","17","17","17"
"4629","3","3","3","7","7","7"
"4634","1","1","1","1","1","1"
"4639","1","1","1","3","3","3"
"4644","6","6","6","5","5","5"
"4649","11","11","11","11","11","11"
"4654","3","3","3","1","1","1"
"4659","7","7","7","5","5","5"
"4664","7","7","7","1","1","1"
"4669","3","3","3","2","2","2"
"4674","2","2","2","2","2","2"
"4679","4","4","4","2","2","2"
"4684","1","1","1","2","2","2"
"4689","3","3","3","1","1","1"
"4694","3","3","3","1","1","1"
"4699","3","3","3","13","13","13"
"4704","1","1","1","10","10","10"
"4709","2","2","2","2","2","2"
"4714","1","1","1","4","4","4"
"4719","4","4","4","1","1","1"
"4724","5","5","5","2","2","2"
"4729","4","4","4","1","1","1"
"4734","1","1","1","7","7","7"
"4739","2","2","2","16","16","16"
"4744","2","2","2","12","12","12"
"4749","9","9","9","10","10","10"
"4754","4","4","4","1","1","1"
"4759","1","1","1","2","2","2"
"4764","2","2","2","12","12","12"
"4769","1","1","1","12","12","12"
"4774","7","7","7","8","8","8"
"4779","2","2","2","7","7","7"
"4784","1","1","1","1","1","1"
"4789","1","1","1","15","15","15"
"4794","1","1","1","2","2","2"
"4799","1","1","1","15","15","15"
"4804","2","2","2","10","10","10"
"4809","3","3","3","8","8","8"
"4814","3","3","3","7","7","7"
"4819","3","3","3","1","1","1"
"4824","2","2","2","21","21","21"
"4829","1","1","1","6","6","6"
"4834","4","4","4","3","3","3"
"4839","2","2","2","4","4","4"
"4844","5","5","5","3","3","3"
"4849","1","1","1","1","1","1"
"4854","1","1","1","11","11","11"
"4859","1","1","1","2","2","2"
"4864","2","2","2","2","2","2"
"4869","2","2","2","3","3","3"
"4874","2","2","2","3","3","3"
"4879","4","4","4","4","4","4"
"4884","1","1","1","9","9","9"
"4889","5","5","5","16","16","16"
"4894","7","7","7","2","2","2"
"4899","4","4","4","13","13","13"
"4904","1","1","1","5","5","5"
"4909","2","2","2","12","12","12"
"4914","3","3","3","3","3","3"
"4919","1","1","1","1","1","1"
"4924","3","3","3","11","11","11"
"4929","1","1","1","17","17","17"
"4934","1","1","1","3","3","3"
"4939","6","6","6","6","6","6"
"4944","3","3","3","2","2","2"
"4949","8","8","8","13","13","13"
"4954","7","7","7","2","2","2"
"4959","3","3","3","2","2","2"
"4964","5","5","5","2","2","2"
"4969","2","2","2","14","14","14"
"4974","1","1","1","10","10","10"
"4979","1","1","1","7","7","7"
"4984","2","2","2","13","13","13"
"4989","1","1","1","16","16","16"
"4994","1","1","1","3","3","3"
"4999","2","2","2","3","3","3"